create database NoirVelvet;
use NoirVelvet;
CREATE TABLE productos (
    id_producto INT AUTO_INCREMENT PRIMARY KEY,
    nombre VARCHAR(255) NOT NULL,
    descripcion TEXT,
    precio DECIMAL(10, 2) NOT NULL,
    stock INT NOT NULL,
    id_categoria INT,
    FOREIGN KEY (id_categoria) REFERENCES categorias(id_categoria)
);

CREATE TABLE categorias (
    id_categoria INT AUTO_INCREMENT PRIMARY KEY,
    nombre_categoria VARCHAR(255) NOT NULL
);

CREATE TABLE clientes (
    id_cliente INT AUTO_INCREMENT PRIMARY KEY,
    nombre VARCHAR(255) NOT NULL,
    email VARCHAR(255) UNIQUE NOT NULL,
    direccion VARCHAR(255),
    telefono VARCHAR(20)
);
alter table clientes add provincia VARCHAR(255);

CREATE TABLE ventas (
    id_venta INT AUTO_INCREMENT PRIMARY KEY,
    fecha DATE NOT NULL,
    id_cliente INT,
    total DECIMAL(10, 2) NOT NULL,
    FOREIGN KEY (id_cliente) REFERENCES clientes(id_cliente)
);

insert into categorias (id_categoria, nombre_categoria) values (2033, 'Gothic'), 
(2034, 'Y2K'), 
(2035, 'Sanrio'), 
(2036, 'Girly'), 
(2037, 'Cosplay');

select * from categorias;
INSERT INTO productos (nombre, id_producto, id_categoria, precio, stock) 
VALUES 
('Kuromi Y2K Top', 10119, 2035, 14.99, 2),
('Hello Kitty Pajamas', 10198, 2035, 25.99, 1),
('Short Blue Cosplay Wig', 28935, 2037, 20.00, 2),  -- Corregido
('Honkai Stair Rail Cosplay', 28989, 2037, 126.99, 1),
('Genshin Impact Cosplay', 28281, 2037, 135.65, 1),
('My Hero Academia Cosplay', 28958, 2037, 95.60, 1),
('Colored Circle Lenses', 21954, 2037, 5.99, 10),
('Pink Wig for Cosplay', 21666, 2037, 21.99, 3),
('Long Silver Wig for Cosplay', 21593, 2037, 34.99, 2),
('Fancy Red Dress', 15616, 2036, 25.99, 1),
('Dark mini skirt', 15218, 2033, 15.65, 3),
('My Melody Top', 23888, 2035, 21.95, 3),
('White Y2k Top', 19613, 2034, 15.00, 0),
('Cute Summer Dress', 18990, 2036, 9.99, 0),
('Black Gothic Dress', 19988, 2033, 28.99, 2);
select * from productos;
insert into productos (nombre, id_producto, id_categoria, precio, stock) values ('Black Leather Jacket', 15219, 2033, 85.99, 4),
('Dark Velvet Choker', 15220, 2033, 12.99, 10),
('Spiked Wristband', 15221, 2033, 8.50, 15),
('Gothic Lace Dress', 15222, 2033, 42.99, 3),
('Black Combat Boots', 15223, 2033, 120.00, 2),
('Skull Print T-Shirt', 15224, 2033, 18.99, 6),
('Fishnet Stockings', 15225, 2033, 7.99, 12),
('Pentagram Necklace', 15226, 2033, 14.50, 8),
('Studded Belt', 15227, 2033, 19.99, 5),
('Black Corset Top', 15228, 2033, 35.50, 4),
('Retro Sunglasses', 19614, 2034, 9.99, 10),
('Flared Jeans', 19615, 2034, 29.99, 8),
('Tie-Dye T-Shirt', 19616, 2034, 19.99, 5),
('Mini Shoulder Bag', 19617, 2034, 25.00, 3),
('Chunky Sneakers', 19618, 2034, 50.00, 6),
('Butterfly Hair Clips', 19619, 2034, 5.99, 20),
('Crop Top', 19620, 2034, 15.99, 7),
('Plaid Mini Skirt', 19621, 2034, 22.99, 4),
('Wide-Leg Jeans', 19622, 2034, 34.99, 5),
('Velour Tracksuit', 19623, 2034, 45.99, 2),
('Cinnamoroll Hoodie', 23901, 2035, 39.99, 5),
('Kuromi Plush Doll', 23902, 2035, 24.99, 8),
('Hello Kitty Backpack', 23903, 2035, 49.99, 3),
('My Melody Pajamas', 23904, 2035, 35.99, 6),
('Sanrio Stickers Pack', 23905, 2035, 7.50, 20),
('Little Twin Stars Socks', 23906, 2035, 12.99, 10),
('Sanrio Keychain Set', 23907, 2035, 19.99, 15),
('Pom Pom Purin Mug', 23908, 2035, 14.99, 12),
('Sanrio Water Bottle', 23909, 2035, 21.99, 4),
('Chococat Wallet', 23910, 2035, 29.99, 3),
('Floral Print Dress', 15617, 2036, 25.50, 7),
('Pink High Heels', 15618, 2036, 55.99, 2),
('Heart-Shaped Sunglasses', 15619, 2036, 12.99, 15),
('Frilly Socks', 15620, 2036, 6.99, 20),
('Polka Dot Skirt', 15621, 2036, 20.00, 5),
('Ribbon Hairband', 15622, 2036, 8.50, 10),
('Pearl Necklace', 15623, 2036, 29.99, 4),
('Lace Gloves', 15624, 2036, 15.99, 12),
('Pink Cardigan', 15625, 2036, 35.99, 3),
('Cute Bow Earrings', 15626, 2036, 9.99, 18),
('Naruto Headband', 21955, 2037, 9.99, 25),
('Sailor Moon Costume', 21956, 2037, 89.99, 3),
('Attack on Titan Cloak', 21957, 2037, 69.99, 5),
('Dragon Ball Z Wig', 21958, 2037, 24.99, 10),
('Demon Slayer Sword', 21959, 2037, 45.00, 6),
('Tokyo Ghoul Mask', 21960, 2037, 29.99, 8),
('One Piece Hat', 21961, 2037, 19.99, 7),
('Zelda Shield', 21962, 2037, 75.99, 2),
('Final Fantasy Sword', 21963, 2037, 89.99, 3),
('Overwatch Gun Replica', 21964, 2037, 99.99, 4);

INSERT INTO productos (nombre, id_producto, id_categoria, precio, stock) 
VALUES 
('League of Legends Jinx Wig', 21965, 2037, 39.99, 5),
('Sword Art Online Kirito Costume', 21966, 2037, 79.99, 3),
('Nezuko Bamboo Muzzle', 21967, 2037, 12.99, 12),
('Bleach Ichigo Sword', 21968, 2037, 59.99, 4),
('Naruto Akatsuki Cloak', 21969, 2037, 49.99, 6),
('Mikasa Scarf', 21970, 2037, 19.99, 10),
('Saitama One Punch Man Cape', 21971, 2037, 34.99, 8),
('Eren Yeager Wig', 21972, 2037, 29.99, 5),
('Kakashi Mask', 21973, 2037, 14.99, 12),
('Light Yagami Death Note', 21974, 2037, 9.99, 20),
('Ryuk Mask', 21975, 2037, 39.99, 4),
('Sailor Jupiter Costume', 21976, 2037, 89.99, 3),
('Inosuke Boar Mask', 21977, 2037, 49.99, 5),
('Itachi Uchiha Cloak', 21978, 2037, 59.99, 6),
('Rukia Kuchiki Wig', 21979, 2037, 24.99, 7),
('Sasuke Uchiha Sword', 21980, 2037, 35.99, 4),
('Zelda Link Tunic', 21981, 2037, 65.99, 3),
('Geralt of Rivia Wig', 21982, 2037, 45.99, 5),
('Triss Merigold Costume', 21983, 2037, 99.99, 2),
('Cyberpunk 2077 Jacket', 21984, 2037, 89.99, 3),
('Kuromi Crossbody Bag', 23911, 2035, 35.99, 5),
('Sanrio Notebook Set', 23912, 2035, 19.99, 8),
('My Melody Coffee Cup', 23913, 2035, 12.50, 10),
('Hello Kitty Face Mask', 23914, 2035, 9.99, 15),
('Cinnamoroll Plush Blanket', 23915, 2035, 49.99, 2),
('Little Twin Stars Poster', 23916, 2035, 14.99, 12),
('Pom Pom Purin Tote Bag', 23917, 2035, 25.99, 7),
('Sanrio Phone Case', 23918, 2035, 16.99, 10),
('Kuromi Wallet', 23919, 2035, 29.50, 3),
('My Melody Hairbrush', 23920, 2035, 14.99, 8),
('Gothic Rose Choker', 15229, 2033, 16.99, 7),
('Black Lace Umbrella', 15230, 2033, 29.99, 3),
('Bat Wing Earrings', 15231, 2033, 11.99, 10),
('Victorian Style Dress', 15232, 2033, 95.99, 2),
('Gothic Candle Holder', 15233, 2033, 24.99, 6),
('Spiked Choker', 15234, 2033, 19.99, 8),
('Black Widow Hat', 15235, 2033, 35.50, 4),
('Skeleton Hand Bracelet', 15236, 2033, 14.50, 10),
('Gothic Cross Ring', 15237, 2033, 9.99, 15),
('Raven Feather Necklace', 15238, 2033, 17.99, 6);

INSERT INTO productos (nombre, id_producto, id_categoria, precio, stock) 
VALUES 
('Black Velvet Cape', 15239, 2033, 99.99, 2),
('Gothic Crossbody Bag', 15240, 2033, 39.99, 3),
('Black Widow Spider Ring', 15241, 2033, 13.99, 10),
('Dark Rose Bracelet', 15242, 2033, 15.99, 8),
('Studded Leather Gloves', 15243, 2033, 45.99, 5),
('Bat Embroidered Jacket', 15244, 2033, 120.00, 4),
('Gothic Lace Gloves', 15245, 2033, 29.99, 6),
('Spiked Leather Collar', 15246, 2033, 19.99, 12),
('Raven Skull Pendant', 15247, 2033, 27.99, 7),
('Victorian Lace Blouse', 15248, 2033, 55.99, 3),
('Black Gothic Hat', 15249, 2033, 39.99, 4),
('Silver Pentagram Earrings', 15250, 2033, 9.99, 15),
('Dark Angel Wings', 15251, 2033, 79.99, 2),
('Gothic Rose Ring', 15252, 2033, 17.50, 10),
('Black Velvet Skirt', 15253, 2033, 49.99, 3),
('Skull Print Leggings', 15254, 2033, 25.99, 6),
('Gothic Lolita Dress', 15255, 2033, 109.99, 2),
('Spiked Leather Boots', 15256, 2033, 135.00, 4),
('Black Widow Brooch', 15257, 2033, 12.99, 12),
('Gothic Candle Set', 15258, 2033, 39.99, 8),
('Dark Crystal Necklace', 15259, 2033, 29.99, 5),
('Gothic Spiderweb Earrings', 15260, 2033, 8.99, 20),
('Black Lace Scarf', 15261, 2033, 18.99, 6),
('Gothic Rose Hairpin', 15262, 2033, 6.99, 25),
('Gothic Velvet Gloves', 15263, 2033, 22.99, 8),
('Gothic Chain Belt', 15264, 2033, 19.50, 10),
('Black Feathered Fascinator', 15265, 2033, 35.99, 3),
('Gothic Moon Choker', 15266, 2033, 14.99, 15),
('Black Silk Ribbon', 15267, 2033, 5.99, 25),
('Gothic Veil', 15268, 2033, 49.99, 2),
('Dark Rose Earrings', 15269, 2033, 8.99, 20),
('Black Velvet Choker', 15270, 2033, 11.99, 12),
('Gothic Thigh-High Boots', 15271, 2033, 145.00, 3),
('Bat Wing Choker', 15272, 2033, 13.99, 8),
('Gothic Leather Corset', 15273, 2033, 79.99, 2),
('Gothic Silver Ring', 15274, 2033, 19.99, 10),
('Black Lace Choker', 15275, 2033, 16.99, 7),
('Gothic Candle Holder', 15276, 2033, 24.99, 6),
('Gothic Skull Ring', 15277, 2033, 11.99, 15),
('Dark Rose Pendant', 15278, 2033, 17.99, 6),
('Neon Green Crop Top', 19624, 2034, 12.99, 8),
('Holographic Mini Backpack', 19625, 2034, 29.99, 3),
('Butterfly Print Jeans', 19626, 2034, 34.99, 5),
('Chunky Platform Sandals', 19627, 2034, 49.99, 4),
('Y2K Butterfly Clips', 19628, 2034, 7.99, 20),
('Neon Pink Sunglasses', 19629, 2034, 14.99, 10),
('Metallic Silver Pants', 19630, 2034, 39.99, 2),
('Tie-Dye Hoodie', 19631, 2034, 27.99, 6),
('Y2K Rhinestone Belt', 19632, 2034, 19.99, 8),
('Neon Orange Windbreaker', 19633, 2034, 49.99, 3),
('Glitter Jelly Sandals', 19634, 2034, 22.99, 5),
('Velvet Crop Top', 19635, 2034, 16.99, 7),
('Plaid Y2K Skirt', 19636, 2034, 29.99, 4),
('Retro Butterfly Tank Top', 19637, 2034, 14.99, 9),
('Y2K Glitter Eyeshadow', 19638, 2034, 12.50, 15),
('Neon Pink Cargo Pants', 19639, 2034, 39.99, 3),
('Y2K Mesh Shirt', 19640, 2034, 18.99, 10),
('Neon Purple Windbreaker', 19641, 2034, 45.99, 2),
('Retro Y2K Platform Boots', 19642, 2034, 59.99, 5),
('Y2K Rhinestone Choker', 19643, 2034, 14.99, 12),
('Glitter Fanny Pack', 19644, 2034, 24.99, 6),
('Retro Tie-Dye Skirt', 19645, 2034, 19.99, 8),
('Neon Yellow Leggings', 19646, 2034, 16.99, 10),
('Y2K Sequin Dress', 19647, 2034, 39.99, 2),
('Neon Green Windbreaker', 19648, 2034, 49.99, 3),
('Hello Kitty Earrings', 23921, 2035, 19.99, 8),
('My Melody Pillow', 23922, 2035, 29.99, 5),
('Cinnamoroll Tumbler', 23923, 2035, 14.99, 7),
('Sanrio Lunchbox', 23924, 2035, 24.99, 6),
('Kuromi Sweatshirt', 23925, 2035, 39.99, 4),
('Little Twin Stars Lamp', 23926, 2035, 49.99, 3),
('Pom Pom Purin Plush Toy', 23927, 2035, 25.99, 7),
('Sanrio Slippers', 23928, 2035, 22.99, 8),
('Hello Kitty Water Bottle', 23929, 2035, 19.99, 10),
('My Melody Mug Set', 23930, 2035, 29.99, 4);
select * from productos;

insert into clientes (nombre, email, direccion, telefono) values ('Kim Hajun', 'kimkim98@hotmail.com', 'Park Avenue 1178', '+82296745122');
select * from clientes;
insert into clientes (nombre, email, direccion, telefono, provincia) values ('Lopez Andrea', 'andylp00@gmail.com', 'Av. Congreso 2011', '+541188765234', 'Buenos Aires');
insert into clientes (nombre, email, direccion, telefono, provincia) values
('Garcia Juan', 'juangarcia12@gmail.com', 'Calle Corrientes 1234', '+541134567890', 'Buenos Aires'),
('Martinez Sofia', 'sofiamartinez23@gmail.com', 'Calle San Martin 456', '+541198765432', 'Buenos Aires'),
('Rodriguez Carlos', 'carlosr123@gmail.com', 'Av. Libertador 6543', '+541144567890', 'Buenos Aires'),
('Perez Camila', 'camiperez89@gmail.com', 'Calle Lavalle 987', '+541199876543', 'Buenos Aires'),
('Gomez Maria', 'mariagomez76@gmail.com', 'Calle Belgrano 321', '+541134567891', 'Buenos Aires'),
('Fernandez Diego', 'diegofz22@gmail.com', 'Av. Rivadavia 4567', '+541112345678', 'Buenos Aires'),
('Sanchez Lucia', 'luciasanchez45@gmail.com', 'Calle Moreno 765', '+541198765431', 'Buenos Aires'),
('Gonzalez Javier', 'javigon@gmail.com', 'Av. Santa Fe 1234', '+541176543210', 'Buenos Aires'),
('Lopez Agustin', 'agustinlp@gmail.com', 'Calle Pueyrredon 456', '+541198765430', 'Buenos Aires'),
('Diaz Daniela', 'danieladiaz33@gmail.com', 'Av. Callao 789', '+541112345679', 'Buenos Aires'),
('Benitez Tomas', 'tbenitez99@gmail.com', 'Calle Independencia 123', '+541109876543', 'Buenos Aires'),
('Mendez Laura', 'lauramendez10@gmail.com', 'Av. 9 de Julio 2345', '+541134567892', 'Buenos Aires'),
('Silva Federico', 'fedsilva@gmail.com', 'Calle Libertad 678', '+541109876542', 'Buenos Aires'),
('Ruiz Valeria', 'valruiz85@gmail.com', 'Calle Rodriguez Peña 123', '+541134567893', 'Buenos Aires'),
('Romero Pablo', 'pabloromero@gmail.com', 'Av. Sarmiento 456', '+541198765429', 'Buenos Aires'),
('Cabrera Ana', 'anacabrera22@gmail.com', 'Calle Entre Rios 234', '+541109876541', 'Buenos Aires'),
('Molina Javier', 'javimolina@gmail.com', 'Av. Cabildo 789', '+541144567891', 'Buenos Aires'),
('Diaz Victoria', 'vic.diaz@gmail.com', 'Calle Roca 123', '+541112345680', 'Buenos Aires'),
('Martinez Laura', 'lauramartinez@gmail.com', 'Calle Defensa 456', '+541198765428', 'Buenos Aires'),
('Gutierrez Juan', 'juangutierrez@gmail.com', 'Av. Colón 789', '+543512345678', 'Cordoba'),
('Herrera Marcela', 'marcelah@gmail.com', 'Calle Dean Funes 456', '+543514567890', 'Cordoba'),
('Sosa Miguel', 'miguel.sosa@gmail.com', 'Calle Obispo Trejo 123', '+543512345679', 'Cordoba'),
('Aguero Maria', 'mariaaguero@gmail.com', 'Calle San Juan 321', '+543514567891', 'Cordoba'),
('Pereyra Carlos', 'pereyra.carlos@gmail.com', 'Calle Velez Sarsfield 654', '+543512345670', 'Cordoba'),
('Navarro Pedro', 'pedronavarro@gmail.com', 'Calle Urquiza 123', '+543425678901', 'Santa Fe'),
('Guzman Karina', 'karinaguzman@gmail.com', 'Calle San Jeronimo 456', '+543421234567', 'Santa Fe'),
('Flores Andrea', 'andreaflores@gmail.com', 'Calle General Paz 789', '+543421234568', 'Santa Fe'),
('Villalba Fabian', 'fabianvillalba@gmail.com', 'Calle Boulevard 123', '+543425678902', 'Santa Fe'),
('Juarez Maria', 'mar_juarez@gmail.com', 'Calle Rivadavia 654', '+543421234569', 'Santa Fe'),
('Quiroga Sofia', 'sofiaquiroga@gmail.com', 'Calle Madero 789', '+541134567894', 'Buenos Aires'),
('Caceres Joaquin', 'joaquincaceres@gmail.com', 'Calle Rivadavia 234', '+541112345681', 'Buenos Aires'),
('Funes Valentina', 'valentinafunes@gmail.com', 'Calle Córdoba 123', '+541198765427', 'Buenos Aires'),
('Ortega Juan', 'juanortega@gmail.com', 'Calle Sarmiento 456', '+541109876540', 'Buenos Aires'),
('Vega Mariana', 'marianavega@gmail.com', 'Calle Florida 789', '+541144567892', 'Buenos Aires'),
('Moreno Pablo', 'pablomoreno@gmail.com', 'Av. Alvear 234', '+541112345682', 'Buenos Aires'),
('Romero Natalia', 'nataliaromero@gmail.com', 'Calle Arenales 123', '+541198765426', 'Buenos Aires'),
('Alvarez Juan', 'juanalvarez@gmail.com', 'Calle Callao 456', '+541109876539', 'Buenos Aires'),
('Bustos Carla', 'carlabustos@gmail.com', 'Calle Canning 789', '+541134567895', 'Buenos Aires'),
('Olivera Miguel', 'miguel.olivera@gmail.com', 'Calle Libertador 234', '+541112345683', 'Buenos Aires'),
('Fernandez Lucia', 'luciaf@gmail.com', 'Calle Montevideo 123', '+541198765425', 'Buenos Aires'),
('Lopez Carolina', 'carolopez@gmail.com', 'Calle Paraná 456', '+541109876538', 'Buenos Aires'),
('Silva Jose', 'josesilva@gmail.com', 'Calle Arenales 789', '+541144567893', 'Buenos Aires'),
('Sanchez Pedro', 'pedrosanchez@gmail.com', 'Av. Las Heras 234', '+541112345684', 'Buenos Aires'),
('Reyes Natalia', 'nataliareyes@gmail.com', 'Calle Beruti 123', '+541198765424', 'Buenos Aires'),
('Gomez Martin', 'martingomez@gmail.com', 'Calle Anchorena 456', '+541109876537', 'Buenos Aires'),
('Ramos Ana', 'anaramos@gmail.com', 'Calle Charcas 789', '+541134567896', 'Buenos Aires'),
('Morales Juan', 'juanmorales@gmail.com', 'Calle Gallo 234', '+541112345685', 'Buenos Aires'),
('Luna Patricia', 'patricialuna@gmail.com', 'Calle Honduras 123', '+541198765423', 'Buenos Aires'),
('Suarez Mateo', 'mateosuarez@gmail.com', 'Calle Nicaragua 456', '+541109876536', 'Buenos Aires'),
('Coronel Sebastian', 'sebastiancoronel@gmail.com', 'Calle Urquiza 123', '+543445678901', 'Entre Rios'),
('Medina Mariana', 'marianamedina@gmail.com', 'Calle Mitre 456', '+543442345678', 'Entre Rios'),
('Ponce Luis', 'luisponce@gmail.com', 'Calle Pellegrini 789', '+543445678902', 'Entre Rios'),
('Ortiz Paola', 'paolaortiz@gmail.com', 'Calle Belgrano 123', '+543442345679', 'Entre Rios'),
('Rojas Martin', 'martinrojas@gmail.com', 'Calle Buenos Aires 456', '+543445678903', 'Entre Rios');
select * from clientes;
INSERT INTO clientes (nombre, email, direccion, telefono, provincia) VALUES
('Lopez Marcos', 'marcoslopez@gmail.com', 'Calle Olmos 123', '+543512345671', 'Cordoba'),
('Garcia Sabrina', 'sabrinagarcia@gmail.com', 'Calle Maipu 456', '+543514567892', 'Cordoba'),
('Martinez Gonzalo', 'gonzalomartinez@gmail.com', 'Calle Rivera Indarte 789', '+543512345672', 'Cordoba'),
('Rodriguez Paula', 'paularodriguez@gmail.com', 'Calle Caseros 123', '+543514567893', 'Cordoba'),
('Perez Martin', 'martinperez@gmail.com', 'Calle San Juan 456', '+543512345673', 'Cordoba'),
('Gomez Laura', 'lauragomez@gmail.com', 'Calle Dean Funes 789', '+543514567894', 'Cordoba'),
('Fernandez Luis', 'luisfernandez@gmail.com', 'Calle General Paz 123', '+543512345674', 'Cordoba'),
('Sanchez Veronica', 'veronicasanchez@gmail.com', 'Calle Colon 456', '+543514567895', 'Cordoba'),
('Gonzalez Francisco', 'franciscogonzalez@gmail.com', 'Calle Velez Sarsfield 789', '+543512345675', 'Cordoba'),
('Lopez Ana', 'analopez@gmail.com', 'Calle Humberto Primo 123', '+543514567896', 'Cordoba'),
('Diaz Facundo', 'facundodiaz@gmail.com', 'Calle 9 de Julio 456', '+543512345676', 'Cordoba'),
('Benitez Lorena', 'lorenabenitez@gmail.com', 'Calle Sucre 789', '+543514567897', 'Cordoba'),
('Mendez Gustavo', 'gustavomendez@gmail.com', 'Calle Urquiza 123', '+543512345677', 'Cordoba'),
('Silva Mariana', 'marianasilva@gmail.com', 'Calle Buenos Aires 456', '+543514567898', 'Cordoba'),
('Ruiz Emanuel', 'emanuelruiz@gmail.com', 'Calle San Jose 789', '+543512345678', 'Cordoba'),
('Romero Gabriela', 'gabrielaromero@gmail.com', 'Calle Independencia 123', '+543514567899', 'Cordoba'),
('Cabrera Nahuel', 'nahuelcabrera@gmail.com', 'Calle Entre Rios 456', '+543512345679', 'Cordoba'),
('Molina Cintia', 'cintiamolina@gmail.com', 'Calle Santa Rosa 789', '+543514567800', 'Cordoba'),
('Diaz Ignacio', 'ignaciodiaz@gmail.com', 'Calle Roca 123', '+543512345680', 'Cordoba'),
('Martinez Antonella', 'antonellamartinez@gmail.com', 'Calle La Rioja 456', '+543514567801', 'Cordoba'),
('Gutierrez Andrea', 'andreagutierrez@gmail.com', 'Calle San Lorenzo 789', '+543512345681', 'Cordoba'),
('Herrera Julio', 'julioherrera@gmail.com', 'Calle Corrientes 123', '+543514567802', 'Cordoba'),
('Sosa Santiago', 'santiagososa@gmail.com', 'Calle Esquiú 456', '+543512345682', 'Cordoba'),
('Aguero Rocio', 'rocioaguero@gmail.com', 'Calle Alvear 789', '+543514567803', 'Cordoba'),
('Pereyra Camila', 'camilapereyra@gmail.com', 'Calle Paraná 123', '+543512345683', 'Cordoba'),
('Navarro Cristian', 'cristiannavarro@gmail.com', 'Calle Jujuy 456', '+543514567804', 'Cordoba'),
('Guzman Carla', 'carlaguzman@gmail.com', 'Calle Tucuman 789', '+543512345684', 'Cordoba'),
('Flores Matias', 'matiasflores@gmail.com', 'Calle Salta 123', '+543514567805', 'Cordoba'),
('Villalba Bruno', 'brunovillalba@gmail.com', 'Calle Catamarca 456', '+543512345685', 'Cordoba'),
('Juarez Soledad', 'soledadjuarez@gmail.com', 'Calle Chacabuco 789', '+543514567806', 'Cordoba'),
('Lopez Victoria', 'victorialopez@gmail.com', 'Calle 3 de Febrero 123', '+543754321098', 'Misiones'),
('Garcia Nicolas', 'nicolasgarcia@gmail.com', 'Calle Uruguay 456', '+543752345678', 'Misiones'),
('Martinez Julieta', 'julietamartinez@gmail.com', 'Calle Colon 789', '+543753456789', 'Misiones'),
('Rodriguez Diego', 'diegorodriguez@gmail.com', 'Calle San Martin 123', '+543754321099', 'Misiones'),
('Perez Sofia', 'sofiaperez@gmail.com', 'Calle Sarmiento 456', '+543752345679', 'Misiones'),
('Gomez Emanuel', 'emanuelgomez@gmail.com', 'Calle Rivadavia 789', '+543753456790', 'Misiones'),
('Fernandez Florencia', 'florenciafernandez@gmail.com', 'Calle Belgrano 123', '+543754321100', 'Misiones'),
('Sanchez Pablo', 'pablosanchez@gmail.com', 'Calle Lavalle 456', '+543752345680', 'Misiones'),
('Gonzalez Rocio', 'rociogonzalez@gmail.com', 'Calle Alberdi 789', '+543753456791', 'Misiones'),
('Lopez Martin', 'martinlopez@gmail.com', 'Calle Mitre 123', '+543754321101', 'Misiones'),
('Diaz Agustin', 'agustindiaz@gmail.com', 'Calle España 456', '+543752345681', 'Misiones'),
('Benitez Lucas', 'lucasbenitez@gmail.com', 'Calle Moreno 789', '+543753456792', 'Misiones'),
('Mendez Valeria', 'valeriamendez@gmail.com', 'Calle San Lorenzo 123', '+543754321102', 'Misiones'),
('Silva Camila', 'camilasilva@gmail.com', 'Calle Tucuman 456', '+543752345682', 'Misiones'),
('Ruiz Matias', 'matiasruiz@gmail.com', 'Calle Jujuy 789', '+543753456793', 'Misiones');
INSERT INTO clientes (nombre, email, direccion, telefono, provincia) VALUES
('Garcia Javier', 'javiergarcia@gmail.com', 'Calle Republica 123', '+543834567890', 'Catamarca'),
('Lopez Daniela', 'danielalopez@gmail.com', 'Calle San Fernando 456', '+543832345678', 'Catamarca'),
('Rodriguez Esteban', 'estebanrodriguez@gmail.com', 'Calle Esquiu 789', '+543834567891', 'Catamarca'),
('Perez Maria', 'mariaperez@gmail.com', 'Calle Belgrano 123', '+543832345679', 'Catamarca'),
('Gomez Hernan', 'hernangomez@gmail.com', 'Calle Mate de Luna 456', '+543834567892', 'Catamarca'),
('Fernandez Camila', 'camilafdez@gmail.com', 'Calle Rivadavia 789', '+543832345680', 'Catamarca'),
('Sanchez Lucas', 'lucassanchez@gmail.com', 'Calle Sarmiento 123', '+543834567893', 'Catamarca'),
('Gonzalez Carla', 'carlagonzalez@gmail.com', 'Calle Prado 456', '+543832345681', 'Catamarca'),
('Diaz Alejandra', 'alejandradiaz@gmail.com', 'Calle Gutierrez 789', '+543834567894', 'Catamarca'),
('Molina Juan', 'juanmolina@gmail.com', 'Calle Lopez 123', '+543832345682', 'Catamarca'),
('Lopez Valentina', 'valentinalopez@gmail.com', 'Calle Las Heras 123', '+542614567890', 'Mendoza'),
('Garcia Rodrigo', 'rodrigogarcia@gmail.com', 'Calle Godoy Cruz 456', '+542612345678', 'Mendoza'),
('Martinez Liliana', 'lilianamartinez@gmail.com', 'Calle Lavalle 789', '+542614567891', 'Mendoza'),
('Rodriguez Matias', 'matiasrodriguez@gmail.com', 'Calle San Martin 123', '+542612345679', 'Mendoza'),
('Perez Julia', 'juliaperez@gmail.com', 'Calle Guaymallen 456', '+542614567892', 'Mendoza'),
('Gomez Carlos', 'carlosgomez@gmail.com', 'Calle Lujan 789', '+542612345680', 'Mendoza'),
('Fernandez Lucia', 'luciafernandez@gmail.com', 'Calle Maipu 123', '+542614567893', 'Mendoza'),
('Sanchez Pablo', 'pablosanchz66@gmail.com', 'Calle Tunuyan 456', '+542612345681', 'Mendoza'),
('Gonzalez Florencia', 'florenciagonzalez@gmail.com', 'Calle San Rafael 789', '+542614567894', 'Mendoza'),
('Diaz Ignacio', 'ignadz@gmail.com', 'Calle Las Compuertas 123', '+542612345682', 'Mendoza'),
('Lopez Sofia', 'sofialopez@gmail.com', 'Calle Rivadavia 123', '+542914567890', 'Tierra del Fuego'),
('Garcia Tomas', 'tomasgarcia@gmail.com', 'Calle Maipu 456', '+542912345678', 'Tierra del Fuego'),
('Martinez Diego', 'diegomartinez@gmail.com', 'Calle San Martin 789', '+542914567891', 'Tierra del Fuego'),
('Rodriguez Victoria', 'victoriarodriguez@gmail.com', 'Calle 25 de Mayo 123', '+542912345679', 'Tierra del Fuego'),
('Perez Laura', 'lauraperez@gmail.com', 'Calle Belgrano 456', '+542914567892', 'Tierra del Fuego'),
('Gomez Andres', 'andresgomez@gmail.com', 'Calle Alvear 789', '+542912345680', 'Tierra del Fuego'),
('Fernandez Ana', 'anafernandez@gmail.com', 'Calle Magallanes 123', '+542914567893', 'Tierra del Fuego'),
('Sanchez Martin', 'martinsanchez@gmail.com', 'Calle San Luis 456', '+542912345681', 'Tierra del Fuego'),
('Gonzalez Marcela', 'marcelagonzalez@gmail.com', 'Calle Yrigoyen 789', '+542914567894', 'Tierra del Fuego'),
('Diaz Alejandro', 'alejandrodiaz@gmail.com', 'Calle Ushuaia 123', '+542912345682', 'Tierra del Fuego'),
('Lopez Emiliano', 'emilianolopez@gmail.com', 'Calle Rawson 123', '+542944567890', 'Chubut'),
('Garcia Cecilia', 'ceciliagarcia@gmail.com', 'Calle Trelew 456', '+542942345678', 'Chubut'),
('Martinez Franco', 'francomartinez@gmail.com', 'Calle Madryn 789', '+542944567891', 'Chubut'),
('Rodriguez Mariana', 'marianarodriguez@gmail.com', 'Calle Sarmiento 123', '+542942345679', 'Chubut'),
('Perez Roberto', 'robertoperez@gmail.com', 'Calle Comodoro 456', '+542944567892', 'Chubut'),
('Gomez Nicolas', 'nicolasgomez@gmail.com', 'Calle Esquel 789', '+542942345680', 'Chubut'),
('Fernandez Julieta', 'julietafernandez@gmail.com', 'Calle Rada Tilly 123', '+542944567893', 'Chubut'),
('Sanchez Paula', 'paulasanchez@gmail.com', 'Calle Gaiman 456', '+542942345681', 'Chubut'),
('Gonzalez Guillermo', 'guillermogonzalez@gmail.com', 'Calle Dolavon 789', '+542944567894', 'Chubut'),
('Diaz Damian', 'damiandiaz@gmail.com', 'Calle Piramide 123', '+542942345682', 'Chubut'),
('Lopez Agustina', 'agustinalopez@gmail.com', 'Calle Mitre 123', '+542994567890', 'Neuquen'),
('Garcia Federico', 'federicogarcia@gmail.com', 'Calle Belgrano 456', '+542992345678', 'Neuquen'),
('Martinez Maria', 'mariamartinez@gmail.com', 'Calle Roca 789', '+542994567891', 'Neuquen'),
('Rodriguez Claudio', 'claudiorodriguez@gmail.com', 'Calle Independencia 123', '+542992345679', 'Neuquen'),
('Perez Valeria', 'valeriaperez@gmail.com', 'Calle Avenida Argentina 456', '+542994567892', 'Neuquen'),
('Gomez Sebastian', 'sebastiangomez@gmail.com', 'Calle San Martin 789', '+542992345680', 'Neuquen'),
('Fernandez Micaela', 'micaelafernandez@gmail.com', 'Calle Santa Fe 123', '+542994567893', 'Neuquen'),
('Sanchez Javier', 'javiersanchez@gmail.com', 'Calle Entre Rios 456', '+542992345681', 'Neuquen'),
('Gonzalez Sofia', 'sofiagonzalez@gmail.com', 'Calle Mendoza 789', '+542994567894', 'Neuquen'),
('Diaz Nicolas', 'nicolasdiaz@gmail.com', 'Calle Tucuman 123', '+542992345682', 'Neuquen'),
('Lopez Javier', 'javierlopez@gmail.com', 'Calle Pringles 123', '+542654567890', 'San Luis'),
('Garcia Victoria', 'victoriagarcia@gmail.com', 'Calle Mitre 456', '+542652345678', 'San Luis'),
('Martinez Alejandro', 'alejandromartinez@gmail.com', 'Calle Rivadavia 789', '+542654567891', 'San Luis'),
('Rodriguez Florencia', 'florenciarodriguez@gmail.com', 'Calle San Martin 123', '+542652345679', 'San Luis'),
('Perez Carolina', 'carolinaperez@gmail.com', 'Calle Illia 456', '+542654567892', 'San Luis'),
('Gomez Agustin', 'agustingomez@gmail.com', 'Calle Lavalle 789', '+542652345680', 'San Luis'),
('Fernandez Gabriela', 'gabrielafernandez@gmail.com', 'Calle Colon 123', '+542654567893', 'San Luis');
select * from clientes;
CREATE TABLE ventas (
    id_venta INT AUTO_INCREMENT PRIMARY KEY,
    fecha DATE NOT NULL,
    email VARCHAR(255),
    provincia VARCHAR(255),
    id_categoria int not null,
    total DECIMAL(10, 2) NOT NULL,
    FOREIGN KEY (email) REFERENCES clientes(email)
);
alter table ventas add id_producto int not null;
insert into ventas (id_producto, id_categoria, fecha, email, provincia, total) values (15220, 2033, '2024-01-21', 'victoriagarcia@gmail.com', 'San Lius', 12.99);

insert into ventas (id_producto, id_categoria, fecha, email, provincia, total) values (28958, 2037, '2024-02-15', 'alejandromartinez@gmail.com', 'San Luis', 95.60);

insert into ventas (id_producto, id_categoria, fecha, email, provincia, total) values (10119, 2035, '2024-06-18', 'fedsilva@gmail.com',  'Buenos Aires',  14.99), 
(10198, 2035, '2024-03-19', 'sofiamartinez23@gmail.com', 'Buenos Aires', 25.99), 
(28989, 2037, '2024-02-10', 'juangarcia12@gmail.com', 'Buenos Aires', 126.99 );

insert into ventas (id_producto, id_categoria, fecha, email, provincia, total) values (28281, 2037, '2024-01-29', 'pedronavarro@gmail.com', 'Santa Fe', 135.65),
(28958, 2037, '2024-01-30', 'carlosr123@gmail.com', 'Buenos Aires', 95.60),
(23930, 2035, '2024-01-15', 'marcelah@gmail.com', 'Cordoba', 29.99);

insert into ventas (id_producto, id_categoria, fecha, email, provincia, total) values (10119, 2035, '2024-01-20', 'lilianamartinez@gmail.com', 'Mendoza', 14.99),
(10119, 2035, '2024-01-11', 'valentinalopez@gmail.com', 'Mendoza', 14.99),
(10119, 2035, '2024-02-10', 'rodrigogarcia@gmail.com', 'Mendoza', 14.99),
(10119, 2035, '2024-02-23', 'julietamartinez@gmail.com', 'Misiones', 14.99),
(10119, 2035, '2024-02-15', 'diegorodriguez@gmail.com', 'Misiones', 14.99),
(10198, 2035, '2024-02-16', 'marcoslopez@gmail.com', 'Cordoba', 25.99),
(10198, 2035, '2024-02-09', 'sabrinagarcia@gmail.com', 'Cordoba', 25.99),
(10198, 2035, '2024-02-29', 'gonzalomartinez@gmail.com', 'Cordoba', 25.99);
insert into ventas (id_producto, id_categoria, fecha, email, provincia, total) values (10198, 2035, '2024-01-31', 'mateosuarez@gmail.com', 'Buenos Aires', 25.99),
(23888, 2035, '2024-01-02', 'patricialuna@gmail.com', 'Buenos Aires', 21.95),
(23888, 2035, '2024-02-11',  'juanmorales@gmail.com', 'Buenos Aires', 21.95),
(23888, 2035, '2024-01-25', 'soledadjuarez@gmail.com', 'Cordoba', 21.95),
(23888, 2035, '2024-01-18', 'brunovillalba@gmail.com', 'Cordoba', 21.95),
(23901, 2035, '2024-01-22',  'anaramos@gmail.com', 'Buenos Aires', 39.99),
(23901, 2035, '2024-01-30',  'martingomez@gmail.com', 'Buenos Aires', 39.99),
(23901, 2035, '2024-01-05', 'matiasflores@gmail.com', 'Cordoba', 39-99),
(23901, 2035, '2024-02-19',  'nataliareyes@gmail.com', 'Buenos Aires', 39.99),
(23901, 2035, '2024-03-17', 'carlaguzman@gmail.com', 'Cordoba', 39.99),
(23902, 2035, '2024-03-09', 'pedrosanchez@gmail.com',  'Buenos Aires', 24.99),
(23902, 2035, '2024-04-11', 'cristiannavarro@gmail.com', 'Cordoba', 24.99),
(23903, 2035, '2024-03-01',  'josesilva@gmail.com', 'Buenos Aires', 49.99),
(23903, 2035, '2024-03-16',  'carolopez@gmail.com', 'Buenos Aires', 49.99),
(23903, 2035, '2024-03-10', 'camilapereyra@gmail.com', 'Cordoba', 49.99),
(23904, 2035, '2024-02-19',  'luciaf@gmail.com', 'Buenos Aires', 35.99),
(23904, 2035, '2024-04-19',  'miguel.olivera@gmail.com', 'Buenos Aires', 35.99),
(23904, 2035, '2024-03-15', 'rocioaguero@gmail.com', 'Cordoba', 35.99),
(23904, 2035, '2024-05-29',  'carlabustos@gmail.com', 'Buenos Aires', 35.99),
(23904, 2035, '2024-05-15', 'santiagososa@gmail.com', 'Cordoba', 35.99),
(23905, 2035, '2024-03-30',  'juanalvarez@gmail.com', 'Buenos Aires', 7.50);

insert into ventas (id_producto, id_categoria, fecha, email, provincia, total) values (23907, 2035, '2024-03-18', 'julioherrera@gmail.com', 'Cordoba', 19.99),
(23907, 2035, '2024-04-13', 'andreagutierrez@gmail.com', 'Cordoba', 19.99), 
(23909, 2035, '2024-03-11', 'antonellamartinez@gmail.com', 'Cordoba', 21.99),
(23911, 2035, '2024-03-13', 'ignaciodiaz@gmail.com', 'Cordoba', 35.99),
(23912, 2035, '2024-04-09', 'cintiamolina@gmail.com', 'Cordoba', 19.99),
(23913, 2035, '2024-03-23', 'nahuelcabrera@gmail.com', 'Cordoba', 12.50),
(23915, 2035, '2024-03-27', 'gabrielaromero@gmail.com', 'Cordoba', 49.99), 
(23915, 2035, '2024-03-22', 'emanuelruiz@gmail.com', 'Cordoba', 49.99), 
(23915, 2035, '2024-03-20', 'marianasilva@gmail.com', 'Cordoba', 49.99), 
(23915, 2035, '2024-03-17', 'gustavomendez@gmail.com', 'Cordoba', 49.99), 
(23917, 2035, '2024-01-18', 'lorenabenitez@gmail.com', 'Cordoba', 25.99),
(23917, 2035, '2024-01-11', 'facundodiaz@gmail.com', 'Cordoba', 25.99),
(23917, 2035, '2024-01-08', 'analopez@gmail.com', 'Cordoba', 25.99),
(23918, 2035, '2024-01-29', 'martinrojas@gmail.com', 'Entre Rios', 16.99),
(23918, 2035, '2024-01-19', 'paolaortiz@gmail.com', 'Entre Rios', 16.99),
(23918, 2035, '2024-01-21',  'luisponce@gmail.com', 'Entre Rios', 16.99),
(23918, 2035, '2024-02-26', 'marianamedina@gmail.com', 'Entre Rios', 16.99),
(23918, 2035, '2024-04-13', 'sebastiancoronel@gmail.com', 'Entre Rios', 16.99),
(23918, 2035, '2024-05-29',  'matiasruiz@gmail.com', 'Misiones', 16.99),
(23918, 2035, '2024-06-29', 'camilasilva@gmail.com', 'Misiones', 16.99),
(23919, 2035, '2024-02-19', 'valeriamendez@gmail.com', 'Misiones', 29.50),
(23919, 2035, '2024-02-14', 'lucasbenitez@gmail.com', 'Misiones', 29.50),
(23919, 2035, '2024-03-18', 'agustindiaz@gmail.com', 'Misiones', 29.50),
(23921, 2035, '2024-02-11', 'martinlopez@gmail.com', 'Misiones', 19.99),
(23921, 2035, '2024-05-21', 'rociogonzalez@gmail.com', 'Misiones', 19.99),
(23922, 2035, '2024-05-11', 'pablosanchez@gmail.com', 'Misiones', 29.99);
insert into ventas (id_producto, id_categoria, fecha, email, provincia, total) values (23925, 2035, '2024-03-21', 'florenciafernandez@gmail.com', 'Misiones', 39.99),
(23925, 2035, '2024-03-21', 'emanuelgomez@gmail.com', 'Misiones', 39.99),
(23925, 2035, '2024-03-10', 'nataliaromero@gmail.com', 'Buenos Aires', 39.99),
(23925, 2035, '2024-05-21', 'pablomoreno@gmail.com', 'Buenos Aires', 39.99),
(23925, 2035, '2024-06-11', 'marianavega@gmail.com', 'Buenos Aires', 39.99),
(23925, 2035, '2024-03-01', 'juanortega@gmail.com', 'Buenos Aires', 39.99),
(23925, 2035, '2024-04-01', 'valentinafunes@gmail.com', 'Buenos Aires', 39.99),
(23926, 2035, '2024-04-19', 'joaquincaceres@gmail.com', 'Buenos Aires', 49.99),
(23927, 2035, '2024-03-16', 'karinaguzman@gmail.com', 'Santa Fe', 25.99),
(23927, 2035, '2024-04-16', 'andreaflores@gmail.com', 'Santa Fe', 25.99),
(23927, 2035, '2024-05-16', 'fabianvillalba@gmail.com', 'Santa Fe', 25.99),
(23928, 2035, '2024-04-26', 'mar_juarez@gmail.com', 'Sante Fe', 22.99),
(23928, 2035, '2024-04-28', 'javiergarcia@gmail.com', 'Catamarca', 22.99),
(23928, 2035, '2024-05-16', 'danielalopez@gmail.com', 'Catamarca', 22.99);

insert into ventas (id_producto, id_categoria, fecha, email, provincia, total) values (15228, 2033, '2024-04-25', 'gabrielaromero@gmail.com', 'Cordoba', 35.50);
insert into ventas (id_producto, id_categoria, fecha, email, provincia, total) values (15228, 2033, '2024-04-25', 'gabrielaromero@gmail.com', 'Cordoba', 35.50), 
(15218, 2033, '2024-01-02', 'sofiaquiroga@gmail.com', 'Buenos Aires', 15.65),
(15218, 2033, '2024-01-05', 'lauramartinez@gmail.com', 'Buenos Aires', 15.65),
(15218, 2033, '2024-01-12', 'vic.diaz@gmail.com', 'Buenos Aires', 15.65),
(15218, 2033, '2024-01-25', 'javimolina@gmail.com', 'Buenos Aires', 15.65),
(15219, 2033, '2024-01-03', 'anacabrera22@gmail.com', 'Buenos Aires', 85.99),
(15219, 2033, '2024-02-03', 'pabloromero@gmail.com', 'Buenos Aires', 85.99),
(15222, 2033, '2024-01-11', 'valruiz85@gmail.com', 'Buenos Aires', 42.99), 
(15222, 2033, '2024-02-11', 'fedsilva@gmail.com', 'Buenos Aires', 42.99), 
(15222, 2033, '2024-02-18', 'estebanrodriguez@gmail.com', 'Catamarca', 42.99), 
(15223, 2033, '2024-02-13', 'mariaperez@gmail.com', 'Catamarca', 120.00),
(15223, 2033, '2024-03-13', 'hernangomez@gmail.com', 'Catamarca', 120.00),
(15223, 2033, '2024-04-13', 'camilafdez@gmail.com', 'Catamarca', 120.00),
(15223, 2033, '2024-04-23', 'anacabrera22@gmail.com', 'Buenos Aires', 120.00),
(15223, 2033, '2024-03-23', 'lucassanchez@gmail.com', 'Catamarca', 120.00),
(15223, 2033, '2024-02-11', 'pablosanchez@gmail.com', 'Misiones', 120.00),
(15225, 2033, '2024-01-19', 'sofialopez@gmail.com', 'Tierra del Fuego', 7.99),
(15225, 2033, '2024-03-19', 'tomasgarcia@gmail.com', 'Tierra del Fuego', 7.99),
(15225, 2033, '2024-05-19', 'diegomartinez@gmail.com', 'Tierra del Fuego', 7.99),
(15226, 2033, '2024-03-22', 'victoriarodriguez@gmail.com', 'Tierra del Fuego', 14.50),
(15226, 2033, '2024-04-22', 'lauraperez@gmail.com', 'Tierra del Fuego', 14.50),
(15228, 2033, '2024-02-15', 'andresgomez@gmail.com', 'Tierra del Fuego', 35.50),
(15228, 2033, '2024-03-25', 'anafernandez@gmail.com', 'Tierra del Fuego', 35.50),
(15228, 2033, '2024-03-15', 'martinsanchez@gmail.com', 'Tierra del Fuego', 35.50);

insert into ventas (id_producto, id_categoria, fecha, email, provincia, total) values (15229, 2033, '2024-03-11', 'marcelagonzalez@gmail.com', 'Tierra del Fuego', 16.99),
(15230, 2033, '2024-03-13', 'alejandrodiaz@gmail.com', 'Tierra del Fuego', 29.99),
(15231, 2033, '2024-03-15', 'emilianolopez@gmail.com', 'Chubut', 11.99),
(15231, 2033, '2024-04-15', 'ceciliagarcia@gmail.com', 'Chubut', 11.99),
(15231, 2033, '2024-05-15', 'francomartinez@gmail.com', 'Chubut', 11.99),
(15232, 2033, '2024-03-17', 'marianarodriguez@gmail.com', 'Chubut', 95.99),
(15232, 2033, '2024-05-11', 'robertoperez@gmail.com', 'Chubut', 95.99),
(15234, 2033, '2024-04-01',  'nicolasgomez@gmail.com', 'Chubut', 19.99),
(15234, 2033, '2024-05-11', 'julietafernandez@gmail.com', 'Chubut', 19.99),
(15236, 2033, '2024-04-03', 'paulasanchez@gmail.com', 'Chubut', 14.50),
(15237, 2033, '2024-04-05', 'guillermogonzalez@gmail.com', 'Chubut', 9.99),
(15237, 2033, '2024-05-05', 'damiandiaz@gmail.com', 'Chubut', 9.99),
(15240, 2033, '2024-04-07', 'pabloromero@gmail.com', 'Buenos Aires', 39.99),
(15241, 2033, '2024-04-09',  'sofiamartinez23@gmail.com', 'Buenos Aires', 13.99),
(15242, 2033, '2024-04-11', 'vic.diaz@gmail.com', 'Buenos Aires', 15.99),
(15242, 2033, '2024-05-11', 'sofiamartinez23@gmail.com', 'Buenos Aires', 15.99),
(15242, 2033, '2024-06-11', 'valruiz85@gmail.com', 'Buenos Aires', 15.99),
(15243, 2033, '2024-04-13', 'soledadjuarez@gmail.com', 'Cordoba', 45.99),
(15244, 2033, '2024-01-13', 'sofiamartinez23@gmail.com', 'Buenos Aires', 120.00),
(15245, 2033, '2024-01-15', 'juangutierrez@gmail.com', 'Cordoba', 29.99),
(15245, 2033, '2024-02-15', 'soledadjuarez@gmail.com', 'Cordoba', 29.99),
(15245, 2033, '2024-03-15', 'marcelah@gmail.com', 'Cordoba', 29.99),
(15245, 2033, '2024-05-15', 'miguel.sosa@gmail.com', 'Cordoba', 29.99),
(15247, 2033, '2024-04-17', 'mariaaguero@gmail.com', 'Cordoba', 27.99),
(15248, 2033, '2024-04-19', 'pereyra.carlos@gmail.com', 'Cordoba', 55.99),
(15248, 2033, '2024-05-19', 'soledadjuarez@gmail.com', 'Cordoba', 55.99),
(15248, 2033, '2024-07-19', 'vic.diaz@gmail.com', 'Buenos Aires', 55.99),
(15248, 2033, '2024-02-19',  'marcoslopez@gmail.com', 'Cordoba', 55.99),
(15249, 2033, '2024-04-21', 'sabrinagarcia@gmail.com', 'Cordoba', 39.99);

insert into ventas (id_producto, id_categoria, fecha, email, provincia, total) values (15253, 2033, '2024-04-23', 'mariaaguero@gmail.com', 'Cordoba', 49.99),
(15253, 2033, '2024-01-23', 'pereyra.carlos@gmail.com', 'Cordoba', 49.99),
(15253, 2033, '2024-03-23', 'patricialuna@gmail.com', 'Buenos Aires', 49.99),
(15254, 2033, '2024-04-25', 'camiperez89@gmail.com', 'Buenos Aires', 25.99),
(15255, 2033, '2024-01-25', 'mariagomez76@gmail.com', 'Buenos Aires', 109.99),
(15255, 2033, '2024-02-25', 'diegofz22@gmail.com', 'Buenos Aires', 109.99),
(15255, 2033, '2024-01-31', 'luciasanchez45@gmail.com', 'Buenos Aires', 109.99),
(15255, 2033, '2024-03-25', 'agustinalopez@gmail.com', 'Neuquen', 109.99),
(15255, 2033, '2024-04-25', 'federicogarcia@gmail.com', 'Neuquen', 109.99),
(15255, 2033, '2024-07-25', 'mariamartinez@gmail.com', 'Neuquen', 109.99),
(15255, 2033, '2024-02-15', 'claudiorodriguez@gmail.com', 'Neuquen', 109.99),
(15255, 2033, '2024-01-12', 'valeriaperez@gmail.com', 'Neuquen', 109.99),
(15255, 2033, '2024-01-29', 'valentinalopez@gmail.com', 'Mendoza', 109.99),
(15255, 2033, '2024-03-15', 'rodrigogarcia@gmail.com', 'Mendoza', 109.99),
(15255, 2033, '2024-03-19',  'lilianamartinez@gmail.com', 'Mendoza', 109.99),
(15256, 2033, '2024-04-27', 'matiasrodriguez@gmail.com', 'Mendoza', 135.00),
(19988, 2033, '2024-04-29', 'juliaperez@gmail.com', 'Mendoza', 28.99),
(19988, 2033, '2024-05-19', 'florenciagonzalez@gmail.com', 'Mendoza', 28.99),
(19988, 2033, '2024-07-09', 'patricialuna@gmail.com', 'Buenos Aires', 28.99);

insert into ventas (id_producto, id_categoria, fecha, email, provincia, total) values (18990, 2036, '2024-01-01', 'carolopez@gmail.com', 'Buenos Aires', 9.99),
(18990, 2036, '2024-02-11', 'luciaf@gmail.com', 'Buenos Aires', 9.99),
(18990, 2036, '2024-01-21', 'miguel.olivera@gmail.com', 'Buenos Aires', 9.99),
(18990, 2036, '2024-03-01', 'carlabustos@gmail.com', 'Buenos Aires', 9.99),
(15626, 2036, '2024-05-19', 'juanalvarez@gmail.com', 'Buenos Aires', 9.99),
(15625, 2036, '2024-04-30', 'nataliaromero@gmail.com', 'Buenos Aires', 35.99),
(15625, 2036, '2024-05-20', 'pablomoreno@gmail.com', 'Buenos Aires', 35.99),
(15623, 2036, '2024-02-16', 'marianavega@gmail.com', 'Buenos Aires', 29.99),
(15623, 2036, '2024-03-16', 'juanortega@gmail.com', 'Buenos Aires', 29.99),
(15623, 2036, '2024-07-16', 'valentinafunes@gmail.com', 'Buenos Aires', 29.99),
(15619, 2036, '2024-06-03', 'sofiaquiroga@gmail.com', 'Buenos Aires', 12.99),
(15619, 2036, '2024-02-13', 'lauramartinez@gmail.com', 'Buenos Aires', 12.99),
(15617, 2036, '2024-01-05', 'camilasilva@gmail.com', 'Misiones', 25.50),
(15616, 2036, '2024-04-29', 'valeriamendez@gmail.com', 'Misiones', 25.99);
select * from ventas;
select * from productos where id_categoria = 2037;
select * from clientes where provincia = 'Misiones';